{"cameraMode":{"drawMode":0,"name":"Shaded","section":"Shading Mode"},"sceneLighting":false,"audioPlay":false,"sceneViewState":{"m_AlwaysRefresh":false,"showFog":false,"showSkybox":false,"showFlares":false,"showImageEffects":false,"showParticleSystems":false,"showVisualEffectGraphs":true,"m_FxEnabled":true},"in2DMode":false,"pivot":{"x":-0.009105920791625977,"y":2.229609489440918,"z":0.04755866527557373},"rotation":{"x":0.021853459998965265,"y":-0.9780616760253906,"z":0.14815182983875276,"w":0.14512662589550019},"size":3.333235740661621,"orthographic":false}