{"cameraMode":{"drawMode":0,"name":"Shaded","section":"Shading Mode"},"sceneLighting":false,"audioPlay":false,"sceneViewState":{"m_AlwaysRefresh":false,"showFog":false,"showSkybox":false,"showFlares":false,"showImageEffects":false,"showParticleSystems":false,"showVisualEffectGraphs":true,"m_FxEnabled":true},"in2DMode":false,"pivot":{"x":0.7673313021659851,"y":-0.6459655165672302,"z":-1.459039330482483},"rotation":{"x":-0.027489295229315759,"y":-0.9435204863548279,"z":0.32033756375312807,"w":-0.08055149763822556},"size":2.0159196853637697,"orthographic":false}