{"cameraMode":{"drawMode":0,"name":"Shaded","section":"Shading Mode"},"sceneLighting":false,"audioPlay":false,"sceneViewState":{"m_AlwaysRefresh":false,"showFog":false,"showSkybox":false,"showFlares":false,"showImageEffects":false,"showParticleSystems":false,"showVisualEffectGraphs":true,"m_FxEnabled":true},"in2DMode":false,"pivot":{"x":0.3959257900714874,"y":-0.13392554223537446,"z":-1.0382596254348755},"rotation":{"x":-0.09788169711828232,"y":-0.9022747874259949,"z":0.3002766966819763,"w":-0.29367437958717348},"size":2.3437349796295168,"orthographic":false}