{"cameraMode":{"drawMode":0,"name":"Shaded","section":"Shading Mode"},"sceneLighting":false,"audioPlay":false,"sceneViewState":{"m_AlwaysRefresh":false,"showFog":true,"showSkybox":false,"showFlares":true,"showImageEffects":true,"showParticleSystems":true,"showVisualEffectGraphs":true,"m_FxEnabled":true},"in2DMode":false,"pivot":{"x":1041.7269287109375,"y":618.9703979492188,"z":250.45333862304688},"rotation":{"x":0.10414576530456543,"y":0.006463067140430212,"z":-0.0010732427472248674,"w":0.9945304989814758},"size":648.4140014648438,"orthographic":false}